"meanfreq","sd","median","Q25","Q75","IQR","skew","kurt","sp.ent","sfm","mode","centroid","meanfun","minfun","maxfun","meandom","mindom","maxdom","dfrange","modindx","label"
0.187383870066221,0.0469853445774683,0.199933110367893,0.193377926421405,0.205083612040134,0.0117056856187291,5.74388226280943,43.304706476303,0.77621134504987,0.272873522821225,0.199933110367893,0.187383870066221,0.188044346373421,0.0362225519287834,0.265369565217391,1.4686546875,0,10.371181640625,10.371181640625,0.128113026819923,"neutral"
0.174112385700404,0.0552044792425174,0.19032967032967,0.185494505494505,0.198241758241758,0.0127472527472528,5.74362783202563,43.2752187812596,0.786805505242834,0.304910581770547,0.18989010989011,0.174112385700404,0.175665340434886,0.0247857868020305,0.25698947368421,1.94631591796875,0.190734375,8.77378125,8.583046875,0.0722800925925926,"neutral"
0.192817169909523,0.0470657844827469,0.2044,0.199266666666667,0.209066666666667,0.00979999999999998,4.8967269498407,28.8364227747834,0.751075544565975,0.248368159314965,0.2058,0.192817169909523,0.182474086649909,0.0345807365439093,0.230320754716981,1.9748955078125,0.0357626953125,9.036041015625,9.0002783203125,0.0993377483443709,"neutral"
0.172378824415843,0.0524192429465304,0.186501766784452,0.182049469964664,0.191448763250883,0.00939929328621906,6.21821288393018,49.0062631686763,0.772328871141711,0.29985891436451,0.185512367491166,0.172378824415843,0.157103995890483,0.0260833333333333,0.246606060606061,2.04106513247283,0.1788134765625,9.10756640625,8.9287529296875,0.128170894526035,"neutral"
0.179164510452416,0.0540929617993851,0.192820512820513,0.187692307692308,0.201538461538462,0.0138461538461538,5.13721490008926,36.3348998060094,0.780520216220941,0.251559858641525,0.191282051282051,0.179164510452416,0.177343949331316,0.02543125,0.241722772277228,1.42376991338315,0,9.131408203125,9.131408203125,0.135176833610254,"neutral"
0.170448750021394,0.0509054710366123,0.184044943820225,0.178801498127341,0.187715355805243,0.00891385767790263,7.95209329333307,79.8404226316176,0.743390150407703,0.279726381018614,0.183520599250936,0.170448750021394,0.164328305653116,0.0261672025723473,0.230320754716981,1.88566938920455,0.1788134765625,9.2386962890625,9.0598828125,0.128258145363409,"neutral"
0.171547592442165,0.0516604916462071,0.185542168674699,0.180240963855422,0.192289156626506,0.0120481927710843,5.36988247009031,34.5283435001972,0.787459578889114,0.333171502125835,0.183132530120482,0.171547592442165,0.169181327733875,0.0335357142857143,0.216053097345133,2.18649145507813,0.1788134765625,9.0479619140625,8.8691484375,0.182328190743338,"neutral"
0.186270042665284,0.0459040874522036,0.194761904761905,0.191428571428571,0.19952380952381,0.0080952380952381,6.12056591669463,47.8147800072506,0.732140658649647,0.205594681004688,0.194285714285714,0.186270042665284,0.167259794930607,0.0249887410440123,0.23475,1.98333947753906,0,10.5499951171875,10.5499951171875,0.122650231124807,"neutral"
0.179176018836742,0.056700092787327,0.198428805237316,0.191096563011457,0.204844517184943,0.0137479541734861,5.62728249225676,40.2493610432636,0.787668214956263,0.306840006777037,0.198887070376432,0.179176018836742,0.190369651081187,0.0426818181818182,0.268285714285714,2.06853502887228,0,9.3817470703125,9.3817470703125,0.14570097416349,"neutral"
0.17090244036624,0.0598928539498668,0.190459363957597,0.183533568904594,0.197879858657244,0.0143462897526502,5.37123052421236,39.1244750634529,0.803617149323126,0.323403454498509,0.189964664310954,0.17090244036624,0.173241898431056,0.0245861027190332,0.259723404255319,2.09907153320313,0.1788134765625,10.895701171875,10.7168876953125,0.142670600183779,"neutral"
0.173273852237645,0.0541085115707186,0.190454545454545,0.185,0.196818181818182,0.0118181818181818,6.79185425174864,57.4710024321069,0.778828438857626,0.329477146913312,0.190909090909091,0.173273852237645,0.176421274131842,0.0280943613348677,0.2543125,2.00054350142045,0.190734375,9.29830078125,9.10756640625,0.114267015706806,"neutral"
0.162126358043271,0.0598358075547767,0.185970149253731,0.168208955223881,0.190671641791045,0.0224626865671642,7.73852371520451,75.8116104100389,0.795412208720048,0.392578359226036,0.185970149253731,0.162126358043271,0.16544156513162,0.0243167330677291,0.2543125,1.71823495205966,0.1788134765625,9.1671708984375,8.988357421875,0.150688392067702,"neutral"
0.189360168324584,0.0424881921766473,0.194295652173913,0.190886956521739,0.200626086956522,0.00973913043478262,6.19060133671155,48.4037078498506,0.740658535828108,0.211570125873084,0.194295652173913,0.189360168324584,0.173906271816546,0.0299191176470588,0.268285714285714,2.62309436035156,0.190734375,10.3592607421875,10.1685263671875,0.15831591824252,"neutral"
0.160221453775052,0.0580562104761029,0.181866666666667,0.1728,0.186666666666667,0.0138666666666666,6.5427952243004,52.9638884656931,0.7804539645715,0.339339271748635,0.181866666666667,0.160221453775052,0.171462483740882,0.0241722772277228,0.230320754716981,1.27499427379261,0.1788134765625,8.1419736328125,7.96316015625,0.117835757057314,"neutral"
0.161438128735152,0.0574624132205899,0.183358208955224,0.176567164179104,0.187537313432836,0.0109701492537314,7.22140894556297,61.2961591137955,0.757887700950408,0.309954803120416,0.183880597014925,0.161438128735152,0.165280975466032,0.0254577685088634,0.192236220472441,1.35784709821429,0,11.086435546875,11.086435546875,0.0634408602150538,"neutral"
0.196460457697399,0.0364938721721294,0.206389351081531,0.197537437603993,0.209650582362729,0.0121131447587354,4.84191126155161,29.7221022078443,0.73537485268345,0.177908929704489,0.2091846921797,0.196460457697399,0.188594131345893,0.0487305389221557,0.251690721649485,1.38852551800272,0,9.20293359375,9.20293359375,0.125215889464594,"neutral"
0.180374051505039,0.0512792806454335,0.1895,0.1855,0.2015,0.016,6.67075188482926,60.6170601650308,0.787623646100757,0.277710916223885,0.1875,0.180374051505039,0.178110453491617,0.0240295275590551,0.274314606741573,1.38541571841033,0,10.6692041015625,10.6692041015625,0.0762823768410361,"neutral"
0.192870878673162,0.0397069893722728,0.20109500805153,0.195684380032206,0.2056038647343,0.0099194847020934,6.23061506589164,49.5075344854673,0.746408047244552,0.227256083691227,0.201996779388084,0.192870878673162,0.19371161573335,0.0996489795918367,0.262516129032258,1.362650390625,0.190734375,10.3592607421875,10.1685263671875,0.0954279015240328,"neutral"
0.186793915844078,0.0464215808756517,0.200763116057234,0.19275039745628,0.204324324324324,0.0115739268680445,5.95537619172869,45.4370451355691,0.769403361557647,0.288130175275196,0.20120826709062,0.186793915844078,0.191593184492316,0.0317477243172952,0.237029126213592,1.47589892578125,0.1788134765625,9.2863798828125,9.10756640625,0.117539267015707,"neutral"
0.190450852541115,0.041926074232928,0.201818181818182,0.195,0.205,0.01,5.98064915571853,44.3684670803496,0.74324369725915,0.251244394174059,0.203181818181818,0.190450852541115,0.184049801680374,0.0322936507936508,0.210465517241379,0.917390879755435,0.190734375,9.2386962890625,9.0479619140625,0.0560260995043604,"neutral"
0.163312786036196,0.0565710119595872,0.186127167630058,0.17102119460501,0.188824662813102,0.0178034682080925,8.66521187879001,87.6773894559593,0.765515033735649,0.367031086792544,0.186127167630058,0.163312786036196,0.169971691097432,0.0349770773638968,0.195312,1.14554157366071,0.1788134765625,8.320787109375,8.1419736328125,0.0652693226477614,"neutral"
0.172536462142551,0.0517658167943486,0.187737704918033,0.183606557377049,0.193245901639344,0.00963934426229508,6.41070457820846,49.3188581885568,0.758060108109018,0.309450451965455,0.187737704918033,0.172536462142551,0.166773278488849,0.0238884540117417,0.239352941176471,1.77571716308594,0.190734375,8.82146484375,8.63073046875,0.0882004735595896,"neutral"
0.182426257692464,0.0499237776983253,0.193005093378608,0.189202037351443,0.200611205432937,0.011409168081494,6.15731582357384,51.1977931920202,0.746651851450755,0.220287046434509,0.192529711375212,0.182426257692464,0.177237243550676,0.0359558173784978,0.23475,1.59848410866477,0.190734375,10.561916015625,10.371181640625,0.0745402298850575,"neutral"
0.186862164634697,0.0417060668143791,0.1932784184514,0.19004942339374,0.199736408566722,0.00968698517298188,5.4104288624944,37.7913987299613,0.722916020664258,0.160289850442536,0.1932784184514,0.186862164634697,0.182990256347612,0.0619644670050761,0.214157894736842,1.27864593240489,0.190734375,9.4294306640625,9.2386962890625,0.0820276497695852,"neutral"
0.165301754526195,0.0557695762022373,0.185,0.1765,0.19,0.0135,6.64658371615957,52.8245692351935,0.794720346332022,0.375979863563513,0.185,0.165301754526195,0.162358370211226,0.0270665188470067,0.259723404255319,1.57128794642857,0,8.702255859375,8.702255859375,0.108651766402307,"neutral"
0.18280990639017,0.0436618378212162,0.192624113475177,0.186666666666667,0.19709219858156,0.0104255319148936,7.96510169005023,80.7780880845935,0.725262134997228,0.199376245667127,0.193120567375887,0.18280990639017,0.190772275648327,0.0329029649595687,0.274314606741573,1.24085715553977,0,11.4082998046875,11.4082998046875,0.0616509926854754,"neutral"
0.174002938074157,0.0523184779014079,0.189369676320273,0.183168654173765,0.194616695059625,0.0114480408858603,5.99658276866231,46.5568724417458,0.776034940387584,0.29222318256232,0.189369676320273,0.174002938074157,0.189269734178861,0.132684782608696,0.251690721649485,1.4424287109375,0.071525390625,11.20564453125,11.134119140625,0.0748491337356434,"neutral"
0.1597902368094,0.066178728996098,0.189328859060403,0.162080536912752,0.195436241610738,0.0333557046979866,5.89368403023029,43.4137531709438,0.81208101158743,0.356082199187964,0.188859060402685,0.1597902368094,0.175453666287943,0.0269767955801105,0.226055555555556,1.62538858695652,0.190734375,10.63344140625,10.44270703125,0.103446401391607,"neutral"
0.15260252203567,0.0650426931431864,0.182518518518518,0.107333333333333,0.187703703703704,0.0803703703703704,6.86462894671561,61.7315970751985,0.840453663569108,0.426618396641657,0.182518518518518,0.15260252203567,0.176570491684076,0.0992439024390244,0.214157894736842,1.45183994654605,0.1788134765625,8.511521484375,8.3327080078125,0.125557519144997,"neutral"
0.166437242314454,0.0598777358039915,0.190152801358234,0.182071307300509,0.194431239388795,0.0123599320882852,5.10576719065538,30.8169606389599,0.780793813706529,0.283667187689888,0.191103565365025,0.166437242314454,0.174355721976315,0.0302903225806452,0.201768595041322,1.54038739809783,0.1788134765625,10.871859375,10.6930458984375,0.093167701863354,"neutral"
0.151063520028746,0.0626285518215643,0.181472172351885,0.124667863554758,0.185493716337522,0.0608258527827648,6.19182018018067,45.3585437311817,0.803737817043779,0.362766882865265,0.182980251346499,0.151063520028746,0.169728449349644,0.0253257261410788,0.200114754098361,0.956923029119318,0.1788134765625,8.1896572265625,8.01084375,0.0766369047619048,"neutral"
0.179268081131794,0.0459943633449717,0.189830508474576,0.185947611710324,0.195007704160247,0.00906009244992296,5.59011648051605,38.1927356346067,0.725435645234792,0.204881306553113,0.188536209553159,0.179268081131794,0.158755329886105,0.0314613402061856,0.196887096774194,2.106661171875,0.190734375,8.7857021484375,8.5949677734375,0.104926732195622,"neutral"
0.189477624259464,0.0438616586569954,0.200651465798046,0.196091205211726,0.206579804560261,0.0104885993485342,5.43996013993012,37.4668004454864,0.741141662977237,0.231378081091694,0.201107491856678,0.189477624259464,0.187685339689281,0.0243409770687936,0.25698947368421,1.00433569335938,0,9.0598828125,9.0598828125,0.0936004784688995,"neutral"
0.178212199412659,0.0551496873993303,0.194324786324786,0.189059829059829,0.200547008547009,0.0114871794871795,6.8607436898554,60.6834509254358,0.757650975298443,0.255233258256165,0.194324786324786,0.178212199412659,0.184821703273425,0.0473139534883721,0.277431818181818,1.31238254616477,0,9.083724609375,9.083724609375,0.0837270341207349,"neutral"
0.17111531225648,0.0563214827703078,0.189342327150084,0.182731871838111,0.193591905564924,0.0108600337268128,6.42200034451761,52.1779822745704,0.743425681423828,0.209646453477865,0.188870151770658,0.17111531225648,0.174082559943289,0.0265658324265506,0.200114754098361,1.14688977050781,0.190734375,10.53807421875,10.34733984375,0.0616883116883117,"neutral"
0.175711590458643,0.0556178925359852,0.198795562599049,0.185927099841521,0.204120443740095,0.0181933438985737,5.64570452729785,38.8061001046613,0.790157999342046,0.349500848949187,0.204120443740095,0.175711590458643,0.188560804494672,0.0527300215982721,0.271266666666667,1.05111226222826,0,8.964515625,8.964515625,0.0765957446808511,"neutral"
0.181828584460733,0.0496730393299228,0.194364261168385,0.190996563573883,0.199175257731959,0.00817869415807559,6.80118637147021,58.7705354471891,0.740129702187984,0.247382814119939,0.194364261168385,0.181828584460733,0.172423533699025,0.0257260273972603,0.223981651376147,1.75859166949728,0.166892578125,10.9791474609375,10.8122548828125,0.0792775765212369,"neutral"
0.16372870534313,0.0555647238702374,0.182846975088968,0.173879003558719,0.187330960854093,0.0134519572953737,6.03672603879703,44.8574291312763,0.788940854052429,0.324159657778327,0.182846975088968,0.16372870534313,0.181215198569542,0.0340027855153203,0.277431818181818,1.0214042524858,0,9.2863798828125,9.2863798828125,0.0792682926829268,"neutral"
0.188181216728557,0.0369593465372903,0.194314381270903,0.19056856187291,0.198060200668896,0.00749163879598663,6.07335873518544,45.0389532272928,0.701630176281453,0.158633793620984,0.193846153846154,0.188181216728557,0.178890109357345,0.0301035758323058,0.249122448979592,1.48762878417969,0,9.131408203125,9.131408203125,0.0811669883074129,"neutral"
0.161070910790151,0.0676790053750825,0.19685393258427,0.116404494382022,0.203595505617978,0.0871910112359551,4.67423439941805,26.8572234133881,0.834839231364975,0.390465989378446,0.204044943820225,0.161070910790151,0.183249705408414,0.0305175,0.268285714285714,0.8277871875,0.023841796875,9.0241201171875,9.0002783203125,0.0630242825607064,"neutral"
0.141050571648315,0.066384366925905,0.178723404255319,0.0739716312056738,0.18468085106383,0.110709219858156,6.49757883172781,60.3068890278719,0.844822547805629,0.410693758361989,0.180709219858156,0.141050571648315,0.156363212598189,0.0240058997050147,0.274314606741573,1.20103051757813,0.023841796875,8.583046875,8.559205078125,0.106152355577086,"neutral"
0.132949655156544,0.0676611163761152,0.176152512998267,0.0611438474870017,0.184887348353553,0.123743500866551,6.2077602296786,50.8936087175703,0.860837626833737,0.431557222904144,0.182946273830156,0.132949655156544,0.154572019395793,0.0241722772277228,0.259723404255319,1.02953213778409,0.023841796875,9.2625380859375,9.2386962890625,0.074634974533107,"neutral"
0.181344037868374,0.0428905850713266,0.191456953642384,0.18635761589404,0.194701986754967,0.00834437086092714,5.48462828201812,35.6644391688078,0.708418791290766,0.164875615142669,0.194238410596026,0.181344037868374,0.17557813632159,0.035178674351585,0.20345,1.6059834375,0,10.06123828125,10.06123828125,0.0791370458135861,"neutral"
0.183489205838672,0.0451726603759231,0.194126394052045,0.188921933085502,0.198289962825279,0.00936802973977697,5.54731884277105,37.2241406932916,0.712887780282396,0.183538907538292,0.194646840148699,0.183489205838672,0.193714667808871,0.131258064516129,0.25698947368421,1.25282965959821,0.1788134765625,9.179091796875,9.0002783203125,0.0625165562913907,"neutral"
0.171460783059447,0.0518027894029077,0.197170418006431,0.139099678456592,0.201672025723473,0.062572347266881,7.36659513024659,67.511674753883,0.832705661675708,0.41695525074033,0.200771704180064,0.171460783059447,0.189869594471655,0.0282242774566474,0.237029126213592,0.948208129882812,0.190734375,9.226775390625,9.036041015625,0.0707603741904533,"neutral"
0.167995384442015,0.0563018092689946,0.19025041736227,0.179966611018364,0.194457429048414,0.0144908180300501,5.557154073417,38.1022104210956,0.782434300218643,0.340725123664343,0.19212020033389,0.167995384442015,0.159937627280791,0.0239823182711198,0.205159663865546,1.58994982910156,0.1788134765625,8.9049111328125,8.72609765625,0.0950074515648286,"neutral"
0.169084392962488,0.0620365435180687,0.192830188679245,0.185433962264151,0.197056603773585,0.0116226415094339,6.4952732447817,50.8635731983856,0.772426470712943,0.298791545670353,0.19177358490566,0.169084392962488,0.185230967524541,0.02934375,0.206898305084746,1.07884130859375,0.190734375,9.226775390625,9.036041015625,0.0664028144239226,"neutral"
0.163557460797405,0.051468151452228,0.18126582278481,0.173670886075949,0.185316455696203,0.0116455696202532,7.15324555924868,66.6139956622597,0.782006889582484,0.327522900902456,0.18126582278481,0.163557460797405,0.154599286808415,0.0248868501529052,0.246606060606061,2.17323161514946,0.1788134765625,9.10756640625,8.9287529296875,0.114516324796699,"neutral"
0.178909585071511,0.0473488092506933,0.189964664310954,0.186007067137809,0.193922261484099,0.00791519434628975,7.79809211806495,79.8265860262059,0.714271609688168,0.189983951360212,0.189469964664311,0.178909585071511,0.186494582011116,0.0270365448504983,0.249122448979592,0.887113525390625,0.1788134765625,8.5949677734375,8.416154296875,0.0654637270599828,"neutral"
0.185257242483974,0.0495143927671889,0.20046511627907,0.193953488372093,0.204186046511628,0.0102325581395349,7.18500899581803,66.1697844879544,0.755311422117726,0.283182016964935,0.202325581395349,0.185257242483974,0.198506131678754,0.0277747440273038,0.277431818181818,1.36675692085598,0,10.657283203125,10.657283203125,0.0756365185895387,"neutral"
0.228881757933916,0.0414718361357013,0.234808652246256,0.213377703826955,0.252046589018303,0.0386688851913478,1.97821321003311,6.44298423981404,0.831129557326944,0.179674712844653,0.232013311148086,0.228881757933916,0.177897773505397,0.0260554962646745,0.268285714285714,2.08367370605469,0.2026552734375,10.681125,10.4784697265625,0.0880132381838866,"angry"
0.230912495223604,0.0438028567655564,0.237241379310345,0.218390804597701,0.253793103448276,0.0354022988505747,2.07503066799997,6.62149238728498,0.826906236144796,0.190301468164518,0.216551724137931,0.230912495223604,0.190655566670249,0.0449613259668508,0.268285714285714,2.31742265625,0,11.7301640625,11.7301640625,0.108866869918699,"angry"
0.228867391672517,0.0462351771865702,0.236369863013699,0.220068493150685,0.254109589041096,0.034041095890411,2.39332632580666,8.94022645406558,0.824711150169871,0.17578448212876,0.234931506849315,0.228867391672517,0.200909122579942,0.0331711956521739,0.277431818181818,2.20861736505682,0,10.5976787109375,10.5976787109375,0.120038566607745,"angry"
0.205205240103362,0.0615503557943188,0.218513513513514,0.202905405405405,0.236486486486486,0.0335810810810811,2.76287477663534,11.8608234672546,0.864196208322166,0.304158043061138,0.210945945945946,0.205205240103362,0.156255580224503,0.0239118511263467,0.262516129032258,2.85147890625,0.2264970703125,11.49174609375,11.2652490234375,0.147751322751323,"angry"
0.225044709828781,0.0375602005534274,0.228235294117647,0.210823529411765,0.246117647058824,0.0352941176470588,1.9559093207785,6.22014996777954,0.832957274985406,0.170062703306839,0.222588235294118,0.225044709828781,0.181948165413174,0.0243652694610778,0.265369565217391,2.49742822265625,0,10.8837802734375,10.8837802734375,0.112195818848517,"angry"
0.229970349586396,0.0363211356448729,0.234452054794521,0.221986301369863,0.245958904109589,0.023972602739726,3.08764296806143,14.2668284622283,0.815547617875518,0.172779478949653,0.233493150684931,0.229970349586396,0.18154205216048,0.0260833333333333,0.274314606741573,2.6383115678267,0.2026552734375,9.1910126953125,8.988357421875,0.158592768393131,"angry"
0.221398063714988,0.0392136083007319,0.224896,0.209216,0.245504,0.036288,2.37185837068953,9.39777884890989,0.84826429499533,0.224796860376765,0.225344,0.221398063714988,0.186123633560423,0.0249122448979592,0.271266666666667,2.79247045898437,0,11.8851357421875,11.8851357421875,0.146986413786815,"angry"
0.219060974552993,0.0585121930018598,0.232282958199357,0.216077170418006,0.250289389067524,0.0342122186495177,2.20400320067198,7.57343044035007,0.846780132023256,0.27384501397718,0.224180064308682,0.219060974552993,0.195865449597058,0.0239118511263467,0.277431818181818,2.35463659137228,0,10.561916015625,10.561916015625,0.106546275395034,"angry"
0.234156844743735,0.0430924288384328,0.241362862010221,0.229914821124361,0.255672913117547,0.0257580919931857,3.08204343124665,14.5864344018842,0.808708482371911,0.193429390633098,0.235161839863714,0.234156844743735,0.189423039913998,0.0241006910167818,0.277431818181818,2.84746914950284,0,11.6228759765625,11.6228759765625,0.146615384615385,"angry"
0.225495112346866,0.0430828237492978,0.229731543624161,0.210939597315436,0.252281879194631,0.0413422818791946,2.02737646050366,6.92784663720505,0.846489100177192,0.226767402732902,0.210469798657718,0.225495112346866,0.172799745148606,0.0241245059288538,0.25698947368421,2.68272044836957,0.2503388671875,11.49174609375,11.2414072265625,0.128364389233954,"angry"
0.228118274828438,0.0553083739499022,0.243929146537842,0.227697262479871,0.256553945249597,0.0288566827697262,3.63658775654654,18.9459546525685,0.827837637677929,0.272882842887709,0.245281803542673,0.228118274828438,0.198038710476633,0.0354854651162791,0.271266666666667,2.85013132642663,0,11.706322265625,11.706322265625,0.166375715255552,"angry"
0.232322981042365,0.03275131957817,0.235398230088496,0.223008849557522,0.249274336283186,0.0262654867256637,2.11046106347921,6.830872263471,0.816486129994305,0.131039760299508,0.232424778761062,0.232322981042365,0.188811102236204,0.0329029649595687,0.271266666666667,3.07667551491477,0,11.96858203125,11.96858203125,0.171741605008537,"angry"
0.221748803798259,0.0401341688249864,0.224679376083189,0.207209705372617,0.243604852686308,0.0363951473136915,1.82191930608917,5.68415368829621,0.841644752056864,0.196807745455169,0.219341421143847,0.221748803798259,0.165912894525222,0.0265658324265506,0.274314606741573,2.69671454653533,0,10.5976787109375,10.5976787109375,0.150034817076437,"angry"
0.222974564412424,0.0419292851277705,0.222816901408451,0.207042253521127,0.249929577464789,0.042887323943662,2.16669240271205,8.36205082025766,0.847476863332825,0.225789140180136,0.207042253521127,0.222974564412424,0.180018320395217,0.0256180482686254,0.274314606741573,2.33103234863281,0,11.6228759765625,11.6228759765625,0.107068004459309,"angry"
0.226884416072256,0.0401462534813647,0.228580968280467,0.218297161936561,0.248213689482471,0.0299165275459098,2.58175775510944,10.7544568290682,0.828547137078082,0.206850549264082,0.226711185308848,0.226884416072256,0.175185029557883,0.0248868501529052,0.271266666666667,2.15619250488281,0,11.8612939453125,11.8612939453125,0.0984010963910461,"angry"
0.228457631111339,0.0383372874069853,0.234952681388013,0.213312302839117,0.250410094637224,0.0370977917981072,2.11202564470562,7.24576574915213,0.830217815626919,0.181607331326451,0.209337539432177,0.228457631111339,0.175820700221512,0.0247105263157895,0.262516129032258,2.06024222995924,0,11.5275087890625,11.5275087890625,0.105185404047865,"angry"
0.217407247977035,0.0427515588043824,0.221846153846154,0.204184615384615,0.2408,0.0366153846153846,1.97729286841847,6.71796936744696,0.85729120644501,0.253947282066837,0.204184615384615,0.217407247977035,0.190229241845983,0.0255911949685535,0.274314606741573,2.1442068189538,0,9.1433291015625,9.1433291015625,0.163363754889179,"angry"
0.237861332975002,0.0457318546770594,0.246326194398682,0.232948929159802,0.264777594728171,0.031828665568369,2.37616982687099,8.09897567082316,0.819107128264858,0.191767658236276,0.242174629324547,0.237861332975002,0.205826725009339,0.0273393057110862,0.271266666666667,1.94473202237216,0.1788134765625,11.610955078125,11.4321416015625,0.109873223203995,"angry"
0.241763922040914,0.045516657784595,0.248941176470588,0.237176470588235,0.268235294117647,0.0310588235294118,2.91215374938709,12.6442889839312,0.799068235112901,0.174385098085999,0.247529411764706,0.241763922040914,0.215970394563159,0.0251431513903193,0.274314606741573,2.29658699898098,0,10.657283203125,10.657283203125,0.0956109513156493,"angry"
0.229377863937216,0.0380867009373258,0.236292682926829,0.216260162601626,0.249040650406504,0.0327804878048781,2.08871419067686,6.83873209379603,0.826614765710709,0.173040001419617,0.238113821138211,0.229377863937216,0.190290853045363,0.0241483679525223,0.277431818181818,1.67462708050272,0.166892578125,10.490390625,10.323498046875,0.0726932805454745,"angry"
0.227946542169534,0.0392490575271342,0.229173419773096,0.213290113452188,0.2554943273906,0.0422042139384117,2.25714168401127,7.84451094052539,0.820567806941942,0.168603323079823,0.21192868719611,0.227946542169534,0.211858088982999,0.0239352941176471,0.265369565217391,2.07877762276786,0,10.9314638671875,10.9314638671875,0.100384549159157,"angry"
0.203523430652133,0.0700957700562944,0.223249581239531,0.207772194304858,0.24107202680067,0.0332998324958124,2.79488379529285,12.8237602192968,0.872043088067789,0.370383144282549,0.21715242881072,0.203523430652133,0.174078820079748,0.0249376915219612,0.274314606741573,3.03257290251359,0,11.5275087890625,11.5275087890625,0.123898163194957,"angry"
0.216179820976149,0.0421568653335002,0.219420783645656,0.200340715502555,0.240408858603066,0.0400681431005111,2.03951581327369,6.9363300968252,0.850162124303076,0.234573555093022,0.198432708688245,0.216179820976149,0.171453087902298,0.0308647281921618,0.274314606741573,1.79647939453125,0,10.8122548828125,10.8122548828125,0.0954306014945486,"angry"
0.226800211755581,0.043933447050809,0.238552631578947,0.219671052631579,0.245921052631579,0.02625,3.25462919388617,14.8601845743771,0.829799304927694,0.243061654818932,0.241315789473684,0.226800211755581,0.201876793629026,0.0248868501529052,0.274314606741573,1.80731186311141,0,11.5751923828125,11.5751923828125,0.105340591437399,"angry"
0.235112463736335,0.0378987489597671,0.233979238754325,0.221384083044983,0.260622837370242,0.0392387543252595,1.88519459826385,5.61539761223367,0.814996673964055,0.15210147438217,0.218477508650519,0.235112463736335,0.201367501846069,0.0442282608695652,0.277431818181818,2.57428664679276,0,11.6705595703125,11.6705595703125,0.126085291113381,"angry"
0.22364242675572,0.0405483202614585,0.227436823104693,0.211263537906137,0.244620938628159,0.0333574007220217,2.1023633216319,6.90654193231011,0.829640579352057,0.198350330270094,0.211263537906137,0.22364242675572,0.183137025605129,0.02543125,0.277431818181818,2.17502210582386,0.2026552734375,10.848017578125,10.6453623046875,0.0989361702127659,"angry"
0.19541069355705,0.0819035426608787,0.221052631578947,0.196184210526316,0.250986842105263,0.0548026315789474,1.91809154831083,6.97655164257112,0.895555310661783,0.389696795473739,0.213223684210526,0.19541069355705,0.193245169875939,0.0283883720930233,0.277431818181818,2.3283682084517,0,10.2400517578125,10.2400517578125,0.133236321303842,"angry"
0.226585519755371,0.048677282799604,0.234855072463768,0.220144927536232,0.250579710144928,0.0304347826086957,2.12132333559506,7.00380019775597,0.83410667056194,0.209512725896026,0.221666666666667,0.226585519755371,0.195156694314182,0.0255643979057592,0.277431818181818,2.38588267299107,0,11.6228759765625,11.6228759765625,0.111632928475034,"angry"
0.230920508490138,0.0395538769261439,0.235111111111111,0.220444444444444,0.254666666666667,0.0342222222222222,2.08025587093379,6.87683831539616,0.832254688129778,0.200895006986037,0.226222222222222,0.230920508490138,0.176322277233158,0.0328145161290323,0.271266666666667,2.49600906808036,0.23841796875,11.4321416015625,11.1937236328125,0.117678381256656,"angry"
0.226159856330818,0.0399131519838309,0.228148148148148,0.216425120772947,0.247536231884058,0.0311111111111111,3.36675354119238,18.1944814780691,0.832928415561917,0.214765443031922,0.226795491143317,0.226159856330818,0.188718792122633,0.0362763744427935,0.277431818181818,2.23750080672554,0,11.68248046875,11.68248046875,0.126141885325559,"angry"
0.228886591045328,0.0374793253927332,0.234868421052632,0.21875,0.248684210526316,0.0299342105263158,2.21772574230242,7.8934028342676,0.835006222452175,0.17679652534998,0.246381578947368,0.228886591045328,0.200908942735592,0.0259447396386823,0.259723404255319,1.5934267578125,0,11.7301640625,11.7301640625,0.077189578713969,"angry"
0.220580183031674,0.0530268938370601,0.235314787701318,0.210307467057101,0.247203513909224,0.036896046852123,2.26601927167279,8.52296142060643,0.855022834242226,0.231530024093677,0.244333821376281,0.220580183031674,0.181634829745962,0.0247355623100304,0.277431818181818,3.42470382254464,0.2264970703125,11.7420849609375,11.515587890625,0.11359292881032,"angry"
0.226051545237534,0.0404445179086724,0.229342105263158,0.213684210526316,0.250986842105263,0.0373026315789474,1.74609342109747,5.42354959751217,0.849268176426479,0.197207531719293,0.2275,0.226051545237534,0.190404700393115,0.0254577685088634,0.265369565217391,2.07630952785326,0,11.4440625,11.4440625,0.0663194444444444,"angry"
0.218988860295204,0.0404814250266544,0.224949152542373,0.207389830508475,0.241084745762712,0.0336949152542373,2.26087981081519,8.06671575399762,0.849177740533328,0.234088404724363,0.221627118644068,0.218988860295204,0.189907947154429,0.0257803590285111,0.271266666666667,2.51481286621094,0.190734375,10.7407294921875,10.5499951171875,0.113045711350796,"angry"
0.226743281722735,0.0425537905002689,0.232048929663609,0.211498470948012,0.250886850152905,0.039388379204893,2.27138544275965,8.65121464323379,0.841294767185279,0.205444947730134,0.229908256880734,0.226743281722735,0.213619565446492,0.0552352941176471,0.274314606741573,1.62372570800781,0,10.514232421875,10.514232421875,0.0760667903525046,"angry"
0.224361665638711,0.0399266394270221,0.226748466257669,0.210858895705521,0.249509202453988,0.0386503067484662,2.11237377314084,8.07100395441909,0.847062302013803,0.201361240546143,0.211717791411043,0.224361665638711,0.1809684462687,0.0286549295774648,0.265369565217391,2.21828051757812,0.2026552734375,11.39637890625,11.1937236328125,0.0786551042142097,"angry"
0.222749335004976,0.043826415222667,0.229090909090909,0.20502479338843,0.248066115702479,0.0430413223140496,1.6499632915552,4.8954330678522,0.864692845650093,0.275023882773483,0.224462809917355,0.222749335004976,0.173570668082443,0.0248868501529052,0.277431818181818,2.17426821501359,0.2026552734375,10.6453623046875,10.44270703125,0.100945857795173,"angry"
0.222383707322087,0.0425184810666011,0.225839416058394,0.207956204379562,0.242189781021898,0.0342335766423358,2.83576565748754,13.1639821564717,0.835693678000617,0.215988866947825,0.225328467153285,0.222383707322087,0.190120344326826,0.0282569444444444,0.271266666666667,2.150530078125,0,10.6453623046875,10.6453623046875,0.092525195968645,"angry"
0.221479332523407,0.048600254113118,0.227253521126761,0.215422535211268,0.246971830985915,0.0315492957746479,2.48532508994317,9.65044135710956,0.839411527077019,0.226520528294458,0.222816901408451,0.221479332523407,0.188558076236216,0.0240295275590551,0.274314606741573,2.92005245535714,0,11.801689453125,11.801689453125,0.0941077441077441,"angry"
0.221951519892364,0.0407894691191368,0.225982300884956,0.209132743362832,0.246300884955752,0.0371681415929203,1.95798158242838,6.86175739596161,0.851678364505242,0.228086420466841,0.211115044247788,0.221951519892364,0.191724070173575,0.0271266666666667,0.265369565217391,1.66685258152174,0,10.371181640625,10.371181640625,0.11056376573618,"angry"
0.222058464454425,0.0389872703194565,0.223533333333333,0.209066666666667,0.2436,0.0345333333333333,2.34061576249476,8.97751815714808,0.837720672703125,0.200772487363791,0.223066666666667,0.222058464454425,0.172441327992242,0.0254047866805411,0.268285714285714,2.40057092285156,0,10.7884130859375,10.7884130859375,0.102511300853842,"angry"
0.238701532464421,0.0485906499633158,0.248,0.2285,0.2715,0.043,2.7708278636917,11.7561096608723,0.818670307041568,0.175989030924068,0.2765,0.238701532464421,0.20820366066348,0.0356929824561403,0.277431818181818,2.15226402698864,0,10.561916015625,10.561916015625,0.0943781575835752,"angry"
0.221464790984887,0.0380488687165722,0.220864,0.204288,0.2464,0.042112,1.99351364319624,7.173571788958,0.843477140957796,0.189635267887757,0.207424,0.221464790984887,0.179566347480931,0.0246108870967742,0.277431818181818,2.2263469921875,0,10.4784697265625,10.4784697265625,0.0833951624870159,"angry"
0.230728183035758,0.0402686769337843,0.240196078431373,0.218235294117647,0.255294117647059,0.0370588235294118,2.28646681679278,8.30711687967659,0.834255082194333,0.189329312392444,0.240653594771242,0.230728183035758,0.2046797525296,0.029628640776699,0.274314606741573,1.66665513392857,0.2026552734375,8.8810693359375,8.6784140625,0.0763447079236553,"angry"
0.226897783193704,0.0423161050232517,0.23050259965338,0.2178856152513,0.249428076256499,0.0315424610051993,2.29512397248726,8.11090525617385,0.830152598829945,0.201362513158638,0.219826689774697,0.226897783193704,0.190136006804495,0.0331711956521739,0.268285714285714,2.23335440726902,0.2026552734375,11.82553125,11.6228759765625,0.0751159951159951,"angry"
0.232671121701114,0.0361497140144293,0.237658536585366,0.218991869918699,0.254048780487805,0.0350569105691057,1.78459808992826,5.33783816336146,0.828347901384942,0.15564761774281,0.238113821138211,0.232671121701114,0.177256725631696,0.0248109756097561,0.274314606741573,2.1557752734375,0,11.467904296875,11.467904296875,0.105125192081714,"angry"
0.225992803290246,0.043384609721384,0.23454231433506,0.220518134715026,0.245181347150259,0.0246632124352332,3.51952024395493,18.2863721070227,0.816393677180042,0.189081087934323,0.238894645941278,0.225992803290246,0.192760658657142,0.0243167330677291,0.259723404255319,1.36468372112772,0,9.274458984375,9.274458984375,0.0696535683682213,"angry"
0.230922092738235,0.0388648915814278,0.238779174147217,0.217666068222621,0.252854578096948,0.0351885098743268,2.03216358897965,6.81438109546239,0.836431438885618,0.189558519907288,0.240287253141831,0.230922092738235,0.175044848844936,0.0265947712418301,0.277431818181818,2.54077694424716,0,10.5857578125,10.5857578125,0.122635135135135,"angry"
0.219984962771478,0.0566630495760961,0.233253833049404,0.215604770017036,0.248040885860307,0.0324361158432709,2.22558476384586,7.90499008368686,0.847924438939383,0.22738431691438,0.236592844974446,0.219984962771478,0.207324767231647,0.0238884540117417,0.271266666666667,2.1234748216712,0,11.7659267578125,11.7659267578125,0.0866502629420562,"angry"
0.222017551720031,0.0509172299966265,0.230906389301634,0.213016344725111,0.251292719167905,0.0382763744427935,1.97736683166594,6.6520449389562,0.858019663214221,0.237497626041411,0.231322436849926,0.222017551720031,0.196587320355675,0.024414,0.277431818181818,2.24056124441964,0.190734375,11.39637890625,11.20564453125,0.0741881298992161,"angry"
0.189678227265373,0.0709540832045728,0.204299674267101,0.170553745928339,0.250358306188925,0.0798045602605863,4.25329092271371,26.1664585520342,0.898490201871429,0.528147826507618,0.204299674267101,0.189678227265373,0.170767461488203,0.0250657084188912,0.271266666666667,1.7237619140625,0.166892578125,9.3102216796875,9.1433291015625,0.0974033029117775,"sad"
0.215105687426804,0.0531353491813508,0.213223684210526,0.200789473684211,0.258815789473684,0.0580263157894737,4.43912584990128,28.4143741997146,0.838700119621135,0.302498889515822,0.211842105263158,0.215105687426804,0.185886268916926,0.0271870824053452,0.274314606741573,1.4901123046875,0.1788134765625,9.1910126953125,9.01219921875,0.0916556437389771,"sad"
0.196319613458223,0.0670696459403598,0.207217125382263,0.176391437308868,0.250030581039755,0.0736391437308869,4.50378401423996,28.1252819055097,0.881609107646119,0.461408284671303,0.206788990825688,0.196319613458223,0.16411429077855,0.0247355623100304,0.277431818181818,1.5511473046875,0,10.3831025390625,10.3831025390625,0.087256027554535,"sad"
0.208897779646609,0.0547259414079563,0.206243902439024,0.195772357723577,0.256325203252033,0.0605528455284553,3.4533742464157,18.4014853172519,0.853004864890659,0.312663249474556,0.201691056910569,0.208897779646609,0.168070935586966,0.0317477243172952,0.268285714285714,1.8525076171875,0.166892578125,8.8333857421875,8.6664931640625,0.093116440404282,"sad"
0.203048753438587,0.0673280534179464,0.207247863247863,0.189059829059829,0.259418803418803,0.0703589743589743,3.71447304020179,19.3478216505888,0.867337650215504,0.404735219945314,0.205811965811966,0.203048753438587,0.165870060409759,0.0255109717868339,0.268285714285714,1.76677648925781,0.1549716796875,10.514232421875,10.3592607421875,0.087807074598489,"sad"
0.188474119075818,0.0648526005104444,0.209230769230769,0.171428571428571,0.217142857142857,0.0457142857142857,3.87019747287614,19.4396272345623,0.880448374682986,0.473352017372909,0.213626373626374,0.188474119075818,0.17586268838248,0.0295211608222491,0.277431818181818,1.54008837890625,0.0596044921875,9.1194873046875,9.0598828125,0.124368421052632,"sad"
0.201866654986138,0.0601002908668365,0.215975609756098,0.181829268292683,0.227073170731707,0.0452439024390244,3.56914177554452,17.1601533028543,0.859976215673356,0.388794739365064,0.219390243902439,0.201866654986138,0.177769614321908,0.0255911949685535,0.277431818181818,2.13295779079861,0,9.179091796875,9.179091796875,0.154245754245754,"sad"
0.215983006708484,0.0555037749823979,0.213127147766323,0.201580756013746,0.263642611683849,0.0620618556701031,3.25086515340922,14.8799837178776,0.838716947334118,0.295639571087046,0.210240549828179,0.215983006708484,0.171433530415587,0.0269173098125689,0.274314606741573,1.92496594769022,0,9.2386962890625,9.2386962890625,0.145622119815668,"sad"
0.1888287491222,0.0681194615766963,0.204046920821114,0.171612903225806,0.238123167155425,0.0665102639296188,4.1773169751995,25.4834039284051,0.901320527877416,0.513636960457598,0.205689149560117,0.1888287491222,0.165222202678373,0.0239118511263467,0.274314606741573,1.96648974609375,0,10.704966796875,10.704966796875,0.121781737193764,"sad"
0.207577107551587,0.0513148960539028,0.208798751950078,0.192199687987519,0.246365054602184,0.0541653666146646,2.68365115946866,10.5947965899253,0.854292085664907,0.291695963016937,0.210546021840874,0.207577107551587,0.159132893931249,0.0242925373134328,0.265369565217391,1.89588134765625,0.166892578125,9.0241201171875,8.8572275390625,0.105895020188425,"sad"
0.210212720540596,0.0523759288015489,0.212976377952756,0.189165354330709,0.254866141732283,0.0657007874015748,2.3406845979464,8.21448306871533,0.866515526633263,0.360445786078468,0.209448818897638,0.210212720540596,0.168575790957624,0.0258349206349206,0.277431818181818,2.0109638671875,0.1549716796875,9.1194873046875,8.964515625,0.127393617021277,"sad"
0.198253750903957,0.0595701281849749,0.213291536050157,0.181253918495298,0.220752351097179,0.0394984326018809,5.62919520335056,39.8480553667365,0.841956492709893,0.405703306247595,0.213730407523511,0.198253750903957,0.166494876123816,0.0240058997050147,0.274314606741573,1.71396028645833,0,8.82146484375,8.82146484375,0.126091476091476,"sad"
0.214939954682804,0.052042245390533,0.20945567651633,0.19552099533437,0.261275272161742,0.0657542768273717,3.54358883664997,18.7390995458826,0.845137066328085,0.292690603272385,0.206407465007776,0.214939954682804,0.160721372533051,0.0248109756097561,0.274314606741573,2.11838780381944,0,9.3102216796875,9.3102216796875,0.139121441938343,"sad"
0.189056844005258,0.0708675107535926,0.218569157392687,0.182511923688394,0.225691573926868,0.0431796502384738,6.02044532289891,47.0403104956933,0.87719606849839,0.477696551446839,0.220349761526232,0.189056844005258,0.177395324633744,0.0266237731733915,0.277431818181818,1.5368422265625,0.023841796875,9.274458984375,9.2506171875,0.086608676975945,"sad"
0.184096084595525,0.0705875622586563,0.210688524590164,0.176262295081967,0.221704918032787,0.0454426229508197,3.72264496527695,19.5815415524327,0.895204062624056,0.518724551050379,0.219409836065574,0.184096084595525,0.155610384147535,0.0245861027190332,0.271266666666667,1.32581122622283,0.023841796875,9.10756640625,9.083724609375,0.063992000999875,"sad"
0.190281910542471,0.0705386455342734,0.206384976525822,0.176150234741784,0.246697965571205,0.070547730829421,4.95474949590717,34.3271169805853,0.894105812801201,0.519900050589761,0.207261345852895,0.190281910542471,0.179930978149902,0.0302527881040892,0.274314606741573,1.362650390625,0,9.727453125,9.727453125,0.0975980392156863,"sad"
0.202986652045006,0.0583488221996791,0.203204930662558,0.185516178736518,0.251956856702619,0.0664406779661017,3.90947837849171,23.0469615079573,0.861172187540183,0.349084667048451,0.20191063174114,0.202986652045006,0.166725542023007,0.0243167330677291,0.277431818181818,1.4185869140625,0.0357626953125,10.0016337890625,9.96587109375,0.0865593736407133,"sad"
0.191726273943483,0.0680942431364597,0.206293494704992,0.177912254160363,0.241452344931921,0.0635400907715583,3.23343502159003,14.2272951269206,0.886433562371192,0.47547250334084,0.208411497730711,0.191726273943483,0.175998329775806,0.0249631901840491,0.277431818181818,1.637748046875,0.1788134765625,8.72609765625,8.5472841796875,0.0826359832635983,"sad"
0.201718912607878,0.064837028178702,0.205652173913043,0.188260869565217,0.257391304347826,0.0691304347826087,4.68185946550249,30.4737816160612,0.867417559350823,0.420041606883489,0.204782608695652,0.201718912607878,0.190108911218572,0.0288923076923077,0.277431818181818,1.73449072265625,0,9.2506171875,9.2506171875,0.068835910652921,"sad"
0.202915199037964,0.0627585789786734,0.210875,0.1850625,0.2555,0.0704375,3.41041679000745,17.5711781105257,0.867515644353991,0.395505600377166,0.210875,0.202915199037964,0.168877997288727,0.0245613682092555,0.274314606741573,1.39783572048611,0.0357626953125,9.274458984375,9.2386962890625,0.093151364764268,"sad"
0.194169050355428,0.0593118529739251,0.21175,0.1806875,0.22225,0.0415625,3.60738795664867,19.1567751959913,0.878303416934024,0.457058450103147,0.2156875,0.194169050355428,0.153404645178622,0.0243896103896104,0.277431818181818,0.8518857421875,0,9.0241201171875,9.0241201171875,0.0882430647291942,"sad"
0.207918769401999,0.0636191133723377,0.213311582381729,0.197781402936378,0.258075040783034,0.0602936378466558,3.59516631157187,19.0465129540468,0.868868060771665,0.380805662381171,0.211484502446982,0.207918769401999,0.176672146740728,0.0249631901840491,0.274314606741573,2.2234859765625,0.1788134765625,10.91954296875,10.7407294921875,0.2139752127266,"sad"
0.201535212144109,0.0610458897355232,0.20106135986733,0.18620232172471,0.253532338308458,0.0673300165837479,4.06653086103365,23.7461535750513,0.846426452069813,0.326231961291968,0.200132669983416,0.201535212144109,0.178266819784111,0.0311800766283525,0.268285714285714,1.34032362432065,0,9.4294306640625,9.4294306640625,0.0599000662211787,"sad"
0.194846297008548,0.0649065563129847,0.201049180327869,0.181770491803279,0.231803278688525,0.0500327868852459,3.34293256005178,15.7658078493421,0.859040702759647,0.339744560904081,0.201049180327869,0.194846297008548,0.172676363411832,0.0429068541300527,0.274314606741573,1.465793671875,0.166892578125,9.15525,8.988357421875,0.0700034598085572,"sad"
0.18371788401728,0.0683392599117254,0.208252911813644,0.177038269550749,0.218502495840266,0.0414642262895175,3.96407572968662,22.6583951972071,0.897663034442256,0.519942083052515,0.21198003327787,0.18371788401728,0.13790311952344,0.0259171974522293,0.262516129032258,1.2262976392663,0.023841796875,9.2148544921875,9.1910126953125,0.0675066394910753,"sad"
0.181807013796307,0.0769849191801236,0.202066666666667,0.167533333333333,0.244066666666667,0.0765333333333333,3.5833067376121,18.4986230253426,0.901661016438776,0.532623065371612,0.203466666666667,0.181807013796307,0.177562132672622,0.025753164556962,0.268285714285714,1.152035625,0,9.96587109375,9.96587109375,0.129734848484848,"sad"
0.204626060036236,0.063136261886015,0.214389438943894,0.192673267326733,0.254125412541254,0.0614521452145215,2.22782199250149,7.89547752918638,0.879050881435276,0.373036344408284,0.265214521452145,0.204626060036236,0.19221636446723,0.0265947712418301,0.268285714285714,1.31648182744565,0.023841796875,9.1910126953125,9.1671708984375,0.0627283423122175,"sad"
0.200402610458145,0.0641488767729787,0.210445859872611,0.191273885350318,0.245222929936306,0.0539490445859873,4.03150450873513,23.4287581087566,0.859218458135251,0.372091062457168,0.210445859872611,0.200402610458145,0.185162630050479,0.0261952789699571,0.271266666666667,1.24970751953125,0.023841796875,9.10756640625,9.083724609375,0.0561918396564066,"sad"
0.174994562886661,0.0693405943059085,0.193881578947368,0.122960526315789,0.221052631578947,0.0980921052631579,5.33699066746354,38.2134651251388,0.929629236709334,0.670579837113205,0.220592105263158,0.174994562886661,0.185059814490486,0.0243409770687936,0.277431818181818,1.462296875,0.0596044921875,9.179091796875,9.1194873046875,0.0619883040935673,"sad"
0.199628586290995,0.0714634304608345,0.209205834683955,0.181977309562399,0.261393841166937,0.0794165316045381,3.65220780207679,18.1839339921118,0.875862890577851,0.440345163740071,0.208752025931929,0.199628586290995,0.185284738047952,0.0241483679525223,0.277431818181818,1.1067362109375,0,8.964515625,8.964515625,0.1118177613321,"sad"
0.203524564912962,0.0602146608651544,0.220425531914894,0.180556464811784,0.230965630114566,0.0504091653027823,5.42456218192585,39.8834412221016,0.852579708193902,0.407747538671151,0.22088379705401,0.203524564912962,0.161134454358001,0.0272173913043478,0.271266666666667,1.534458046875,0.1788134765625,9.01219921875,8.8333857421875,0.0573255882180367,"sad"
0.205334559414455,0.0539104987269831,0.21123595505618,0.190561797752809,0.226516853932584,0.0359550561797753,3.41553542344961,15.3764210704507,0.842804725583653,0.330737981969482,0.211685393258427,0.205334559414455,0.168379774532735,0.0245613682092555,0.277431818181818,2.1338408203125,0.1072880859375,9.036041015625,8.9287529296875,0.105532013699425,"sad"
0.186299666317091,0.0694090318865464,0.205172413793103,0.152471264367816,0.230919540229885,0.078448275862069,4.08500465835439,24.4942407995728,0.905332105260127,0.556149258236906,0.207988505747126,0.186299666317091,0.184476353161961,0.0307094339622642,0.271266666666667,1.2296865234375,0,9.2863798828125,9.2863798828125,0.0572849807445443,"sad"
0.208755929080396,0.0489307863871134,0.200849673202614,0.188496732026144,0.251633986928105,0.0631372549019608,4.66573880344099,31.3493806299616,0.833264654427453,0.262266153508745,0.199934640522876,0.208755929080396,0.172128798976273,0.0261952789699571,0.274314606741573,1.60534765625,0.023841796875,10.1685263671875,10.1446845703125,0.0753124666168145,"sad"
0.20523589050698,0.0579434561349905,0.214410339256866,0.180032310177706,0.244264943457189,0.0642326332794831,2.54260477308616,9.59710816456389,0.873653334613243,0.398498245243709,0.218933764135703,0.20523589050698,0.187674108326469,0.0292033492822966,0.274314606741573,1.31427905273438,0.1788134765625,9.2148544921875,9.036041015625,0.0562119995411265,"sad"
0.184916432706948,0.073067282858131,0.20594353640416,0.162674591381872,0.236731054977712,0.0740564635958395,6.20861023769377,51.5289756311796,0.89949629546485,0.565011180438423,0.206775631500743,0.184916432706948,0.166804709541351,0.0247105263157895,0.277431818181818,1.58135302734375,0,9.322142578125,9.322142578125,0.0474211423699915,"sad"
0.181957263065272,0.0676365329175493,0.199350073855244,0.171639586410635,0.211344165435746,0.0397045790251108,2.95587828394526,12.0258400279739,0.896591665545175,0.510411896701528,0.199763663220089,0.181957263065272,0.157542527736621,0.0262234156820623,0.277431818181818,1.50543917410714,0,9.2506171875,9.2506171875,0.0634784268804887,"sad"
0.18912868492398,0.0704924844981478,0.208813559322034,0.175161787365177,0.231679506933744,0.056517719568567,3.81068257027615,22.7199722144333,0.910492194698043,0.550128282737921,0.226502311248074,0.18912868492398,0.176149278757319,0.0256449579831933,0.277431818181818,1.68706627887228,0.0357626953125,8.8810693359375,8.845306640625,0.0603260171993326,"sad"
0.181627621136774,0.0692698760127461,0.196454948301329,0.155923190546529,0.228714918759232,0.0727917282127031,4.46513341393568,28.2979551945166,0.905803207104672,0.562167152557132,0.198109305760709,0.181627621136774,0.158985291349969,0.0244384384384384,0.277431818181818,1.42028989955357,0,9.1433291015625,9.1433291015625,0.0766816360036699,"sad"
0.201982762871932,0.0627229593372675,0.209210950080515,0.186666666666667,0.249790660225443,0.0631239935587762,3.3219264449855,15.048992285495,0.860239258114133,0.374022767542048,0.209661835748792,0.201982762871932,0.174878256782914,0.0427565674255692,0.271266666666667,1.17237451171875,0.04768359375,9.2625380859375,9.2148544921875,0.0565071151358344,"sad"
0.207149478556049,0.0532098470538844,0.217446808510638,0.188510638297872,0.230212765957447,0.0417021276595745,3.00002060587899,12.8417815744265,0.85515608043145,0.349246976232132,0.218723404255319,0.207149478556049,0.180168251263937,0.0268580858085809,0.277431818181818,1.7083564453125,0.1788134765625,8.845306640625,8.6664931640625,0.0788629069234296,"sad"
0.195169877833727,0.0709098174024382,0.215453100158983,0.177615262321145,0.253736089030207,0.076120826709062,4.7899039345218,34.4423357902075,0.896457399866886,0.506412519899564,0.216343402225755,0.195169877833727,0.166381966772879,0.0254577685088634,0.274314606741573,1.181599453125,0,9.131408203125,9.131408203125,0.0607901010330344,"sad"
0.202537301456334,0.0612375745653335,0.215047021943574,0.179937304075235,0.246206896551724,0.066269592476489,3.08213451834277,14.5470291885854,0.879188113017069,0.407333900722624,0.217241379310345,0.202537301456334,0.16877069582779,0.0238884540117417,0.277431818181818,1.8238974609375,0,10.44270703125,10.44270703125,0.0859018264840183,"sad"
0.184802277404623,0.066009848313608,0.198878504672897,0.175327102803738,0.211526479750779,0.0361993769470405,5.4910139712974,39.6479843962041,0.864099624034204,0.431989932206578,0.201059190031153,0.184802277404623,0.160016632194303,0.0246108870967742,0.274314606741573,1.3155903515625,0,9.7632158203125,9.7632158203125,0.0496540496540497,"sad"
0.187811678702226,0.0710970068436349,0.20296943231441,0.171994177583697,0.246579330422125,0.0745851528384279,3.61050533586633,18.8567742925556,0.902704293427963,0.529194628738846,0.202154294032023,0.187811678702226,0.177310184512341,0.0371033434650456,0.271266666666667,1.17378274972098,0.04768359375,9.1671708984375,9.1194873046875,0.0450738320019366,"sad"
0.200195053227494,0.0656194048522927,0.21,0.183354838709677,0.251548387096774,0.0681935483870968,2.38017362167355,10.3014897200757,0.905168220727626,0.487818623909327,0.208193548387097,0.200195053227494,0.165850608031802,0.0249631901840491,0.274314606741573,1.6570048828125,0,9.4413515625,9.4413515625,0.0932323232323232,"sad"
0.201310543085344,0.05143468345881,0.196515912897822,0.188542713567839,0.227939698492462,0.0393969849246231,3.98904385331211,21.8683322845288,0.835404310779838,0.295942687835463,0.19463986599665,0.201310543085344,0.177312615842668,0.0242925373134328,0.277431818181818,1.34408129882812,0,9.6201650390625,9.6201650390625,0.0522699110059705,"sad"
0.207867418447752,0.0567914013980434,0.213161290322581,0.182,0.256064516129032,0.0740645161290323,3.93562105792392,23.1620548128766,0.87019756918718,0.393249954450733,0.213161290322581,0.207867418447752,0.167863145472138,0.0275553047404063,0.277431818181818,1.921648828125,0.166892578125,10.037396484375,9.87050390625,0.0945704683889939,"sad"
0.182859357310573,0.0732334526882042,0.206881720430108,0.171612903225806,0.232688172043011,0.0610752688172043,5.17156689699938,38.8968389194115,0.90227062294091,0.523372568625314,0.210752688172043,0.182859357310573,0.174891254872899,0.0243167330677291,0.277431818181818,1.1658638671875,0.04768359375,9.0002783203125,8.9525947265625,0.0566201586290743,"sad"
0.199697233826102,0.0643043796147696,0.203674698795181,0.180481927710843,0.255120481927711,0.0746385542168675,3.84982150488051,21.3793134843494,0.868422254900728,0.399804500441103,0.202409638554217,0.199697233826102,0.168685484909928,0.0261391862955032,0.277431818181818,1.48525564236111,0.0119208984375,10.6215205078125,10.609599609375,0.0630561797752809,"sad"
0.157330548061,0.09320085328528,0.191841584158416,0.0582178217821782,0.237861386138614,0.179643564356436,2.13821820507563,11.5603204764711,0.957324812370207,0.730358087520509,0.276673267326733,0.157330548061,0.138631271915099,0.0258349206349206,0.277431818181818,2.69233491210937,0.2861015625,11.1460400390625,10.8599384765625,0.120977526142469,"fear"
0.224558428151019,0.0732215886749784,0.247240618101545,0.226843267108168,0.267019867549669,0.0401766004415011,2.27806782953429,7.5760036376919,0.840653743590677,0.304241016974846,0.275673289183223,0.224558428151019,0.169652380246519,0.0377925696594427,0.277431818181818,2.10536311848958,0.2264970703125,10.5857578125,10.3592607421875,0.137751303052867,"fear"
0.207075795374979,0.0825208476907862,0.243619489559165,0.17215777262181,0.267006960556845,0.0948491879350348,3.23327828000263,15.228258308685,0.873870779268192,0.460433191185491,0.26830626450116,0.207075795374979,0.162503250386029,0.0277116912599319,0.274314606741573,2.51597184244792,0.0357626953125,11.06259375,11.0268310546875,0.12966613672496,"fear"
0.205986687362511,0.0865784427028052,0.240082644628099,0.198429752066116,0.269586776859504,0.0711570247933885,2.92341102114999,12.8435760678092,0.883952532768301,0.45455965516441,0.274793388429752,0.205986687362511,0.172828983099226,0.0301035758323058,0.274314606741573,2.89113157894737,0,10.5499951171875,10.5499951171875,0.171552010634762,"fear"
0.205540023918535,0.0887754968416033,0.244705882352941,0.201764705882353,0.266470588235294,0.0647058823529412,2.3991868229144,9.23361246407847,0.876465119552384,0.40712110194589,0.276470588235294,0.205540023918535,0.17418602486264,0.0282896871378911,0.277431818181818,2.50087900904605,0.262259765625,11.706322265625,11.4440625,0.131886574074074,"fear"
0.160757740666521,0.0975824767917279,0.17573896353167,0.0650287907869482,0.259040307101727,0.194011516314779,2.23481810917116,9.12972045701891,0.945587693813471,0.700412402336468,0.274625719769674,0.160757740666521,0.146093023415575,0.0248868501529052,0.274314606741573,2.8037953125,0.262259765625,10.7168876953125,10.4546279296875,0.180759767148773,"fear"
0.21202928335582,0.0824730545908785,0.250041152263374,0.216049382716049,0.262139917695473,0.0460905349794239,2.39681868006034,7.86502074529911,0.861492507045069,0.40889687350042,0.252345679012346,0.21202928335582,0.163424345857349,0.0266528384279476,0.25698947368421,3.457060546875,0.262259765625,10.9553056640625,10.6930458984375,0.23250340641645,"fear"
0.160261636947661,0.105142297130451,0.216716417910448,0.04,0.262089552238806,0.222089552238806,2.55847521027583,10.944955817586,0.906545982098077,0.518178596688014,0.278805970149254,0.160261636947661,0.15766404105642,0.0361153846153846,0.277431818181818,2.74682596628289,0,11.87321484375,11.87321484375,0.179600755965037,"fear"
0.170755879217338,0.098930894248158,0.221351351351351,0.0542342342342342,0.258558558558559,0.204324324324324,1.80580622823498,7.08546360060041,0.932453233185129,0.621295074290992,0.279369369369369,0.170755879217338,0.153548114915642,0.0402871287128713,0.277431818181818,3.24669175091912,0.262259765625,10.5023115234375,10.2400517578125,0.197128443927047,"fear"
0.192325293342118,0.0951110312841745,0.243908523908524,0.123409563409563,0.261954261954262,0.138544698544699,2.6171554421957,10.8678951360148,0.889716133206594,0.460233888691801,0.28,0.192325293342118,0.156636697316919,0.0269470198675497,0.274314606741573,3.37692561848958,0.2741806640625,11.0983564453125,10.82417578125,0.18936252915263,"fear"
0.223529345331544,0.0703150672220728,0.24741617357002,0.221459566074951,0.269506903353057,0.0480473372781065,2.42768449634632,8.90452120030206,0.85342132611221,0.352779897005222,0.275029585798817,0.223529345331544,0.142558187633022,0.0252732919254658,0.274314606741573,2.63138147615132,0.023841796875,10.82417578125,10.800333984375,0.201662121802363,"fear"
0.209720299182445,0.0836154995286618,0.245564516129032,0.197016129032258,0.267016129032258,0.07,2.28616564279517,7.55359884679783,0.877756335814427,0.430730216647686,0.274354838709677,0.209720299182445,0.162993293361983,0.0264220779220779,0.274314606741573,2.31205825195312,0.023841796875,10.9553056640625,10.9314638671875,0.159329621764335,"fear"
0.159398701036371,0.0972512519796803,0.169874476987448,0.0697071129707113,0.257154811715481,0.18744769874477,2.40551956135343,9.41681208067009,0.942589962270549,0.693441467670189,0.28,0.159398701036371,0.154471312125661,0.0258076109936575,0.277431818181818,3.76163950195313,0,11.0745146484375,11.0745146484375,0.219760920061186,"fear"
0.217899629597361,0.0842198594307161,0.257471264367816,0.225287356321839,0.267770114942529,0.0424827586206896,2.99465317068095,11.8200109068702,0.840480776565865,0.354299699204953,0.265195402298851,0.217899629597361,0.153914355798433,0.0379099378881988,0.274314606741573,2.33509363511029,0.357626953125,10.34733984375,9.989712890625,0.148866348448687,"fear"
0.187740971821341,0.0978081754320109,0.242905982905983,0.0897435897435897,0.269230769230769,0.17948717948718,3.8195482455074,21.7919391943043,0.892740213992561,0.508748966244763,0.28,0.187740971821341,0.154887753302946,0.0262798708288482,0.274314606741573,2.17085834703947,0.0357626953125,9.131408203125,9.0956455078125,0.182175622542595,"fear"
0.183108927930484,0.0966334402707262,0.235243664717349,0.0758674463937622,0.253801169590643,0.177933723196881,2.4412866565861,9.8609833234124,0.897211761961766,0.479754682043311,0.244522417153996,0.183108927930484,0.138158867283241,0.0256180482686254,0.277431818181818,2.86697607421875,0.0119208984375,11.0268310546875,11.01491015625,0.159261790840738,"fear"
0.141585493827602,0.102192924401697,0.120533333333333,0.0384,0.252266666666667,0.213866666666667,1.62126291267,4.840264068857,0.926569624882842,0.599328862249358,0.0314666666666667,0.141585493827602,0.160803426534637,0.0247857868020305,0.277431818181818,2.27462095424107,0,11.8851357421875,11.8851357421875,0.133751253761284,"fear"
0.211294302252672,0.0801796422501493,0.239760479041916,0.20063872255489,0.267145708582834,0.0665069860279441,2.34422643969512,8.25811633292909,0.884141607702018,0.455123367583297,0.269940119760479,0.211294302252672,0.153563981809205,0.0260833333333333,0.274314606741573,2.52779813058036,0.0119208984375,11.181802734375,11.1698818359375,0.115955176093917,"fear"
0.213036121008557,0.0794914214396746,0.244926931106472,0.215114822546973,0.267724425887265,0.0526096033402923,2.56121980484849,9.66990788943185,0.874616946917503,0.437934826728477,0.26713987473904,0.213036121008557,0.173929633497734,0.0298459657701711,0.274314606741573,2.88172034333882,0.262259765625,11.7897685546875,11.5275087890625,0.158451108813053,"fear"
0.152953406658116,0.101873817167175,0.180044345898004,0.0465631929046563,0.25330376940133,0.206740576496674,1.79827358687479,6.83241927591374,0.918421338707787,0.538490619064635,0.271929046563193,0.152953406658116,0.172052663558194,0.0244629258517034,0.277431818181818,2.18222564338235,0.2980224609375,11.6228759765625,11.324853515625,0.0880701754385965,"fear"
0.12942653912383,0.0966521639733916,0.0904615384615385,0.0455384615384615,0.239384615384615,0.193846153846154,1.21605216602635,4.1065871862457,0.933936464884941,0.581379573870202,0.0473846153846154,0.12942653912383,0.144422609209449,0.0289952494061758,0.271266666666667,1.46564309210526,0,9.1671708984375,9.1671708984375,0.0943505273804364,"fear"
0.221723638139665,0.0628016950319418,0.232,0.2165,0.264,0.0475,2.42794632268599,8.66804705475938,0.84666289694995,0.310074360658031,0.273,0.221723638139665,0.151243216286704,0.0255109717868339,0.277431818181818,2.73405805664062,0.214576171875,10.7407294921875,10.5261533203125,0.132376997609161,"fear"
0.151368079888425,0.109259142963865,0.150905263157895,0.034778947368421,0.263494736842105,0.228715789473684,2.0820220961063,7.69056776372615,0.894972329001706,0.445783830203361,0.269389473684211,0.151368079888425,0.159263258301712,0.0257260273972603,0.274314606741573,2.04035587993421,0,11.181802734375,11.181802734375,0.0994606797943058,"fear"
0.197512340668805,0.0940252407522176,0.244609665427509,0.117100371747212,0.26542750929368,0.148327137546468,2.43192361434415,9.19792927556657,0.883317755418059,0.428844378071794,0.271672862453532,0.197512340668805,0.15172024521479,0.0239823182711198,0.277431818181818,2.25792653586648,0,9.417509765625,9.417509765625,0.140024110910187,"fear"
0.222848223798749,0.0734281771393084,0.245155555555556,0.224622222222222,0.271288888888889,0.0466666666666667,2.82300326745212,11.3025734415925,0.843284950050888,0.350356955141581,0.2744,0.222848223798749,0.171048824449678,0.0286886016451234,0.277431818181818,2.46986114501953,0,10.704966796875,10.704966796875,0.184775692013999,"fear"
0.144259023560015,0.100928582967705,0.132485089463221,0.0395228628230616,0.25662027833002,0.217097415506958,2.21559498211195,8.63996949794616,0.939065752607828,0.667936434105858,0.270536779324056,0.144259023560015,0.155035966266394,0.0254577685088634,0.277431818181818,2.479546875,0.023841796875,10.5857578125,10.561916015625,0.145776404894856,"fear"
0.21784887819647,0.0747614568026879,0.246779661016949,0.219359698681733,0.264708097928437,0.0453483992467043,2.21618273210164,7.28721155147188,0.869830028732087,0.40673880393704,0.266290018832392,0.21784887819647,0.161970774569643,0.028756183745583,0.277431818181818,2.2625865234375,0.1549716796875,10.2042890625,10.0493173828125,0.179996253980146,"fear"
0.220614538880125,0.0707925166858177,0.240866141732283,0.222677165354331,0.266220472440945,0.0435433070866142,2.05838793430009,6.50061283946882,0.84657043015562,0.304012564161913,0.269527559055118,0.220614538880125,0.163933509720727,0.0272477678571429,0.277431818181818,2.22580203683036,0,9.15525,9.15525,0.148697916666667,"fear"
0.102173571331707,0.0922885325164667,0.0586899563318777,0.0299563318777293,0.197467248908297,0.167510917030568,1.24441664924886,3.56769687584185,0.926804179109631,0.585314765744053,0.0177292576419214,0.102173571331707,0.159987628582588,0.0246108870967742,0.277431818181818,2.09431363075658,0,10.0254755859375,10.0254755859375,0.188730347469943,"fear"
0.130776421954699,0.0922878115206749,0.0974585635359116,0.0464088397790055,0.231012891344383,0.184604051565378,0.894395654486808,2.97946193616496,0.959731648518303,0.738715814057819,0.259889502762431,0.130776421954699,0.192926896842894,0.0245120481927711,0.277431818181818,1.96749010120739,0,9.0956455078125,9.0956455078125,0.129314110965487,"fear"
0.225918196378112,0.0808819901752411,0.25736170212766,0.234127659574468,0.273446808510638,0.0393191489361702,4.15104272954695,22.8695630295959,0.807556734585962,0.274162006691498,0.278808510638298,0.225918196378112,0.162264270132013,0.0359029411764706,0.274314606741573,1.77060403262868,0.2741806640625,10.323498046875,10.0493173828125,0.0991696322657177,"fear"
0.218063299987823,0.0816397608720937,0.253521126760563,0.226478873239437,0.268169014084507,0.0416901408450704,2.92148134327652,12.7141130782793,0.838462892408371,0.306265519481875,0.268169014084507,0.218063299987823,0.161579057093623,0.0239352941176471,0.277431818181818,3.07261157226562,0.262259765625,10.6453623046875,10.3831025390625,0.129289450184973,"fear"
0.224859659460496,0.0798580700626616,0.253235294117647,0.232647058823529,0.273308823529412,0.0406617647058823,3.20361527727373,14.580184602921,0.821073058284043,0.250729404872185,0.276397058823529,0.224859659460496,0.174055989347343,0.0410319327731093,0.277431818181818,2.07366866629464,0.2861015625,11.897056640625,11.610955078125,0.0959958932238193,"fear"
0.173989733504771,0.095416628029827,0.220845070422535,0.0743661971830986,0.254084507042254,0.179718309859155,1.91280458295017,7.19975742263207,0.932398377577951,0.613279890957737,0.28,0.173989733504771,0.151462443502752,0.0270066371681416,0.271266666666667,2.85160438939145,0.1549716796875,11.96858203125,11.8136103515625,0.194752774974773,"fear"
0.148763612850556,0.10817242705431,0.129420035149385,0.0359226713532513,0.267697715289982,0.231775043936731,3.27827802377588,16.9686886977883,0.901704571591589,0.49841246769066,0.27311072056239,0.148763612850556,0.174178173053182,0.0256719242902208,0.277431818181818,1.79843008700284,0,9.942029296875,9.942029296875,0.0769669978303072,"fear"
0.135971280236647,0.104668634255974,0.102265625,0.0328125,0.247734375,0.214921875,1.56660717269656,5.08276246931185,0.928350267565842,0.586874614428979,0.2734375,0.135971280236647,0.139599434489815,0.0254047866805411,0.274314606741573,1.97052451171875,0,10.5976787109375,10.5976787109375,0.0760168136877627,"fear"
0.16857202562923,0.0894528745677865,0.172971014492754,0.0948550724637681,0.263260869565217,0.168405797101449,3.23696759169352,15.0033729712565,0.947157642003608,0.726314886447046,0.275434782608696,0.16857202562923,0.15743843514852,0.0241722772277228,0.277431818181818,2.30754534040179,0,11.7182431640625,11.7182431640625,0.12441505595117,"fear"
0.210275360414021,0.079789741172545,0.241522198731501,0.214291754756871,0.258689217758985,0.0443974630021141,1.83816447942351,5.5278584254234,0.880183838665803,0.422863395474114,0.278224101479915,0.210275360414021,0.140165021911163,0.0258349206349206,0.277431818181818,1.96959733072917,0.2861015625,10.5976787109375,10.3115771484375,0.0985379122747365,"fear"
0.162658783187459,0.102898461031582,0.21414913957935,0.0406883365200765,0.26019120458891,0.219502868068834,2.15370834833341,8.47525534650177,0.92250713927624,0.582748963497603,0.270898661567878,0.162658783187459,0.149801472223266,0.0319137254901961,0.277431818181818,2.58087451171875,0.2741806640625,10.82417578125,10.5499951171875,0.11650312221231,"fear"
0.161547596538539,0.0993564074750725,0.213333333333333,0.048695652173913,0.249275362318841,0.200579710144928,1.76663827120927,6.02726950304003,0.925987075510759,0.578435314074885,0.24463768115942,0.161547596538539,0.166236020485887,0.0238884540117417,0.277431818181818,1.80661215820312,0.023841796875,10.82417578125,10.800333984375,0.0773788776577205,"fear"
0.180982187150749,0.100117349041086,0.237647058823529,0.0682352941176471,0.261764705882353,0.193529411764706,2.76879472503671,11.7537650781858,0.897356538004123,0.498333149251356,0.28,0.180982187150749,0.152370033850357,0.0255911949685535,0.277431818181818,2.46888080797697,0.2861015625,10.6215205078125,10.3354189453125,0.120594643085993,"fear"
0.172680453445651,0.100086900043302,0.236104513064133,0.0565320665083135,0.258052256532066,0.201520190023753,1.93136647785178,6.59589185948771,0.89927495109277,0.437286697629716,0.258052256532066,0.172680453445651,0.151606094120618,0.029273381294964,0.25698947368421,1.60862005974265,0,11.9328193359375,11.9328193359375,0.078046953046953,"fear"
0.111769611482111,0.0936147329737085,0.064394250513347,0.03564681724846,0.220205338809035,0.184558521560575,1.66133399159113,5.59578147274048,0.935357749159749,0.619300026908532,0.0350718685831622,0.111769611482111,0.159345737596202,0.0261112299465241,0.274314606741573,3.00227827148437,0.0357626953125,11.82553125,11.7897685546875,0.132669895162578,"fear"
0.131612966267024,0.0850300239597011,0.120854700854701,0.0556410256410256,0.196837606837607,0.141196581196581,0.396003578854333,2.65383172073495,0.977155401926712,0.833628198724616,0.274615384615385,0.131612966267024,0.158669603610229,0.0279656357388316,0.265369565217391,1.8175396484375,0.2861015625,11.253328125,10.9672265625,0.103416149068323,"fear"
0.196531831481167,0.0926155734073673,0.242352941176471,0.115294117647059,0.266470588235294,0.151176470588235,2.57404659943931,10.0516634888305,0.895557166345997,0.502939380920859,0.266470588235294,0.196531831481167,0.160631019966312,0.0294855072463768,0.274314606741573,1.54316030273437,0,10.871859375,10.871859375,0.0719067405355494,"fear"
0.208696899193327,0.0805241504016023,0.246188679245283,0.195471698113208,0.262037735849057,0.0665660377358491,2.58990257170234,9.98944135181124,0.884737336132087,0.455856717459577,0.261509433962264,0.208696899193327,0.138653836679501,0.0252471561530507,0.277431818181818,2.74010365513393,0.2861015625,11.6228759765625,11.3367744140625,0.108412197686646,"fear"
0.177923315271062,0.0811989838652925,0.196171079429735,0.108350305498982,0.252627291242362,0.144276985743381,1.95574682574132,7.59720930373629,0.949518530375398,0.699781121103189,0.252627291242362,0.177923315271062,0.154439052024285,0.0256449579831933,0.271266666666667,2.1862927734375,0.262259765625,11.58711328125,11.324853515625,0.1,"fear"
0.21302250408635,0.0839520969408052,0.252246696035242,0.215242290748899,0.266431718061674,0.0511894273127753,2.90724998657843,12.1401098848012,0.861840045641953,0.40611244017025,0.272599118942731,0.21302250408635,0.152796722787044,0.0255376569037657,0.274314606741573,3.02525911458333,0.2980224609375,11.11027734375,10.8122548828125,0.167780011673909,"fear"
0.225341460984539,0.0692519027726391,0.250777988614801,0.230588235294118,0.262998102466793,0.0324098671726755,2.5945472883865,9.7047149315388,0.841886522792697,0.338894459078984,0.268842504743833,0.225341460984539,0.161422246673464,0.0239587831207066,0.271266666666667,2.207750390625,0.262259765625,11.849373046875,11.58711328125,0.0814381633095083,"fear"
0.181363725289448,0.0909036688075617,0.228829568788501,0.0937166324435318,0.244928131416838,0.151211498973306,2.34350394283814,8.85344010136451,0.909605271450363,0.517058916560435,0.235154004106776,0.181363725289448,0.170506747388088,0.0330365358592693,0.277431818181818,1.55633951822917,0.262259765625,10.7764921875,10.514232421875,0.0756969454448446,"fear"
